Workbook

Sheet Dashboard
A1: DASHBOARD DE CONTROL | GROW LABS
A2: Indicadores automáticos para controlar el orden estratégico, comercial y operativo de la empresa.
A4: Total acciones | D4: Completadas | G4: En curso | J4: Pendientes
A5: =COUNTA(Matriz_Control!D5:D104) -> 27 | D5: =COUNTIF(Matriz_Control!H5:H104,"Completado") -> 0 | G5: =COUNTIF(Matriz_Control!H5:H104,"En curso") -> 0 | J5: =COUNTIF(Matriz_Control!H5:H104,"Pendiente") -> 27
A8: Bloqueadas | D8: Vencidas | G8: Próximos 7 días | J8: % avance general
A9: =COUNTIF(Matriz_Control!H5:H104,"Bloqueado") -> 0 | D9: =COUNTIFS(Matriz_Control!H5:H104,"<>Completado",Matriz_Control!D5:D104,"<>",Matriz_Control!J5:J104,"<"&TODAY()) -> 0 | G9: =COUNTIFS(Matriz_Control!H5:H104,"<>Completado",Matriz_Control!D5:D104,"<>",Matriz_Control!J5:J104,">="&TODAY(),Matriz_Control!J5:J104,"<="&TODAY()+7) -> 3 | J9: =IFERROR(AVERAGEIF(Matriz_Control!D5:D104,"<>",Matriz_Control!L5:L104),0) -> 0
A13: Fase | B13: Total | C13: Completadas | D13: En curso | E13: Vencidas | F13: % Avance | H13: Estado | I13: Cantidad
A14: Fase 1 - Orden estratégico | B14: =COUNTIFS(Matriz_Control!B5:B104,A14,Matriz_Control!D5:D104,"<>") -> 4 | C14: =COUNTIFS(Matriz_Control!B5:B104,A14,Matriz_Control!H5:H104,"Completado") -> 0 | D14: =COUNTIFS(Matriz_Control!B5:B104,A14,Matriz_Control!H5:H104,"En curso") -> 0 | E14: =COUNTIFS(Matriz_Control!B5:B104,A14,Matriz_Control!H5:H104,"<>Completado",Matriz_Control!J5:J104,"<"&TODAY()) -> 0 | F14: =IFERROR(AVERAGEIFS(Matriz_Control!L5:L104,Matriz_Control!B5:B104,A14,Matriz_Control!D5:D104,"<>"),0) -> 0 | H14: Pendiente | I14: =COUNTIF(Matriz_Control!H5:H104,H14) -> 27
A15: Fase 2 - Modelo de negocio | B15: =COUNTIFS(Matriz_Control!B5:B104,A15,Matriz_Control!D5:D104,"<>") -> 5 | C15: =COUNTIFS(Matriz_Control!B5:B104,A15,Matriz_Control!H5:H104,"Completado") -> 0 | D15: =COUNTIFS(Matriz_Control!B5:B104,A15,Matriz_Control!H5:H104,"En curso") -> 0 | E15: =COUNTIFS(Matriz_Control!B5:B104,A15,Matriz_Control!H5:H104,"<>Completado",Matriz_Control!J5:J104,"<"&TODAY()) -> 0 | F15: =IFERROR(AVERAGEIFS(Matriz_Control!L5:L104,Matriz_Control!B5:B104,A15,Matriz_Control!D5:D104,"<>"),0) -> 0 | H15: En análisis | I15: =COUNTIF(Matriz_Control!H5:H104,H15) -> 0
A16: Fase 3 - Sistema comercial | B16: =COUNTIFS(Matriz_Control!B5:B104,A16,Matriz_Control!D5:D104,"<>") -> 5 | C16: =COUNTIFS(Matriz_Control!B5:B104,A16,Matriz_Control!H5:H104,"Completado") -> 0 | D16: =COUNTIFS(Matriz_Control!B5:B104,A16,Matriz_Control!H5:H104,"En curso") -> 0 | E16: =COUNTIFS(Matriz_Control!B5:B104,A16,Matriz_Control!H5:H104,"<>Completado",Matriz_Control!J5:J104,"<"&TODAY()) -> 0 | F16: =IFERROR(AVERAGEIFS(Matriz_Control!L5:L104,Matriz_Control!B5:B104,A16,Matriz_Control!D5:D104,"<>"),0) -> 0 | H16: En curso | I16: =COUNTIF(Matriz_Control!H5:H104,H16) -> 0
A17: Fase 4 - Sistema operativo | B17: =COUNTIFS(Matriz_Control!B5:B104,A17,Matriz_Control!D5:D104,"<>") -> 5 | C17: =COUNTIFS(Matriz_Control!B5:B104,A17,Matriz_Control!H5:H104,"Completado") -> 0 | D17: =COUNTIFS(Matriz_Control!B5:B104,A17,Matriz_Control!H5:H104,"En curso") -> 0 | E17: =COUNTIFS(Matriz_Control!B5:B104,A17,Matriz_Control!H5:H104,"<>Completado",Matriz_Control!J5:J104,"<"&TODAY()) -> 0 | F17: =IFERROR(AVERAGEIFS(Matriz_Control!L5:L104,Matriz_Control!B5:B104,A17,Matriz_Control!D5:D104,"<>"),0) -> 0 | H17: En revisión | I17: =COUNTIF(Matriz_Control!H5:H104,H17) -> 0
A18: Fase 5 - Gestión interna | B18: =COUNTIFS(Matriz_Control!B5:B104,A18,Matriz_Control!D5:D104,"<>") -> 4 | C18: =COUNTIFS(Matriz_Control!B5:B104,A18,Matriz_Control!H5:H104,"Completado") -> 0 | D18: =COUNTIFS(Matriz_Control!B5:B104,A18,Matriz_Control!H5:H104,"En curso") -> 0 | E18: =COUNTIFS(Matriz_Control!B5:B104,A18,Matriz_Control!H5:H104,"<>Completado",Matriz_Control!J5:J104,"<"&TODAY()) -> 0 | F18: =IFERROR(AVERAGEIFS(Matriz_Control!L5:L104,Matriz_Control!B5:B104,A18,Matriz_Control!D5:D104,"<>"),0) -> 0 | H18: Completado | I18: =COUNTIF(Matriz_Control!H5:H104,H18) -> 0
A19: Fase 6 - Plan 30/60/90 | B19: =COUNTIFS(Matriz_Control!B5:B104,A19,Matriz_Control!D5:D104,"<>") -> 4 | C19: =COUNTIFS(Matriz_Control!B5:B104,A19,Matriz_Control!H5:H104,"Completado") -> 0 | D19: =COUNTIFS(Matriz_Control!B5:B104,A19,Matriz_Control!H5:H104,"En curso") -> 0 | E19: =COUNTIFS(Matriz_Control!B5:B104,A19,Matriz_Control!H5:H104,"<>Completado",Matriz_Control!J5:J104,"<"&TODAY()) -> 0 | F19: =IFERROR(AVERAGEIFS(Matriz_Control!L5:L104,Matriz_Control!B5:B104,A19,Matriz_Control!D5:D104,"<>"),0) -> 0 | H19: Bloqueado | I19: =COUNTIF(Matriz_Control!H5:H104,H19) -> 0
H20: Postergado | I20: =COUNTIF(Matriz_Control!H5:H104,H20) -> 0
H21: Cancelado | I21: =COUNTIF(Matriz_Control!H5:H104,H21) -> 0
A23: Prioridad | B23: Total | C23: Vencidas | E23: FOCO DE LA SEMANA
A24: Alta | B24: =COUNTIFS(Matriz_Control!G5:G104,A24,Matriz_Control!D5:D104,"<>") -> 18 | C24: =COUNTIFS(Matriz_Control!G5:G104,A24,Matriz_Control!H5:H104,"<>Completado",Matriz_Control!J5:J104,"<"&TODAY()) -> 0 | E24: 1 | F24: Revisar tareas vencidas y bloqueadas.
A25: Media | B25: =COUNTIFS(Matriz_Control!G5:G104,A25,Matriz_Control!D5:D104,"<>") -> 9 | C25: =COUNTIFS(Matriz_Control!G5:G104,A25,Matriz_Control!H5:H104,"<>Completado",Matriz_Control!J5:J104,"<"&TODAY()) -> 0 | E25: 2 | F25: Actualizar estados de la Matriz_Control.
A26: Baja | B26: =COUNTIFS(Matriz_Control!G5:G104,A26,Matriz_Control!D5:D104,"<>") -> 0 | C26: =COUNTIFS(Matriz_Control!G5:G104,A26,Matriz_Control!H5:H104,"<>Completado",Matriz_Control!J5:J104,"<"&TODAY()) -> 0 | E26: 3 | F26: Registrar decisiones tomadas con Lucas.
E27: 4 | F27: Definir próximos pasos con responsable y fecha.
E28: 5 | F28: Cerrar o reprogramar lo que no avance.
E29: 6 | F29: Mantener pocas prioridades activas para no dispersarse.

Sheet Matriz_Control
A1: MATRIZ DE CONTROL | GROW LABS
A2: Carga aquí las fases, decisiones, tareas, responsables, fechas y estados. El Dashboard se actualiza automáticamente.
A4: ID | B4: Fase | C4: Tipo | D4: Tarea / Decisión / Entregable | E4: Resultado esperado | F4: Responsable | G4: Prioridad | H4: Estado | I4: Fecha inicio | J4: Fecha objetivo | K4: Fecha cierre | L4: % avance | M4: Días restantes | N4: Semáforo | O4: Observaciones / Próximo paso
A5: 1 | B5: Fase 1 - Orden estratégico | C5: Reunión | D5: Realizar reunión fundacional Lucas + Gustavo | E5: Alinear visión, roles y prioridades iniciales | F5: Lucas + Gustavo | G5: Alta | H5: Pendiente | I5: 46168 | J5: 46170 | L5: 0 | M5: =IF(D5="","",IF(H5="Completado",0,I5-TODAY())) -> 1 | N5: =IF(D5="","",IF(H5="Completado","OK",IF(H5="Bloqueado","Bloqueado",IF(I5<TODAY(),"Vencido",IF(I5-TODAY()<=7,"Próximo","En fecha"))))) -> Próximo | O5: Usar agenda de bases de Grow Labs
A6: 2 | B6: Fase 1 - Orden estratégico | C6: Documento | D6: Redactar diagnóstico actual de Grow Labs | E6: Fortalezas, debilidades, riesgos y oportunidades claros | F6: Gustavo | G6: Alta | H6: Pendiente | I6: 46168 | J6: 46172 | L6: 0 | M6: =IF(D6="","",IF(H6="Completado",0,I6-TODAY())) -> 1 | N6: =IF(D6="","",IF(H6="Completado","OK",IF(H6="Bloqueado","Bloqueado",IF(I6<TODAY(),"Vencido",IF(I6-TODAY()<=7,"Próximo","En fecha"))))) -> Próximo
A7: 3 | B7: Fase 1 - Orden estratégico | C7: Decisión | D7: Definir propósito, visión y misión | E7: Identidad estratégica escrita | F7: Lucas + Gustavo | G7: Alta | H7: Pendiente | I7: 46171 | J7: 46175 | L7: 0 | M7: =IF(D7="","",IF(H7="Completado",0,I7-TODAY())) -> 4 | N7: =IF(D7="","",IF(H7="Completado","OK",IF(H7="Bloqueado","Bloqueado",IF(I7<TODAY(),"Vencido",IF(I7-TODAY()<=7,"Próximo","En fecha"))))) -> Próximo
A8: 4 | B8: Fase 1 - Orden estratégico | C8: Decisión | D8: Definir objetivos 2026 | E8: Objetivos claros, medibles y accionables | F8: Lucas + Gustavo | G8: Alta | H8: Pendiente | I8: 46173 | J8: 46178 | L8: 0 | M8: =IF(D8="","",IF(H8="Completado",0,I8-TODAY())) -> 6 | N8: =IF(D8="","",IF(H8="Completado","OK",IF(H8="Bloqueado","Bloqueado",IF(I8<TODAY(),"Vencido",IF(I8-TODAY()<=7,"Próximo","En fecha"))))) -> Próximo
A9: 5 | B9: Fase 2 - Modelo de negocio | C9: Documento | D9: Mapear servicios actuales de Grow Labs | E9: Servicios ordenados en principales, secundarios y futuros | F9: Gustavo | G9: Alta | H9: Pendiente | I9: 46175 | J9: 46180 | L9: 0 | M9: =IF(D9="","",IF(H9="Completado",0,I9-TODAY())) -> 8 | N9: =IF(D9="","",IF(H9="Completado","OK",IF(H9="Bloqueado","Bloqueado",IF(I9<TODAY(),"Vencido",IF(I9-TODAY()<=7,"Próximo","En fecha"))))) -> En fecha
A10: 6 | B10: Fase 2 - Modelo de negocio | C10: Decisión | D10: Definir cliente ideal | E10: Perfil de cliente objetivo y clientes a evitar | F10: Lucas + Gustavo | G10: Alta | H10: Pendiente | I10: 46176 | J10: 46182 | L10: 0 | M10: =IF(D10="","",IF(H10="Completado",0,I10-TODAY())) -> 9 | N10: =IF(D10="","",IF(H10="Completado","OK",IF(H10="Bloqueado","Bloqueado",IF(I10<TODAY(),"Vencido",IF(I10-TODAY()<=7,"Próximo","En fecha"))))) -> En fecha
A11: 7 | B11: Fase 2 - Modelo de negocio | C11: Documento | D11: Redactar propuesta de valor | E11: Mensaje comercial claro y defendible | F11: Gustavo | G11: Alta | H11: Pendiente | I11: 46178 | J11: 46184 | L11: 0 | M11: =IF(D11="","",IF(H11="Completado",0,I11-TODAY())) -> 11 | N11: =IF(D11="","",IF(H11="Completado","OK",IF(H11="Bloqueado","Bloqueado",IF(I11<TODAY(),"Vencido",IF(I11-TODAY()<=7,"Próximo","En fecha"))))) -> En fecha
A12: 8 | B12: Fase 2 - Modelo de negocio | C12: Decisión | D12: Definir formas de cobro | E12: Modelos: diagnóstico, proyecto, mensualidad y mantenimiento | F12: Lucas + Gustavo | G12: Media | H12: Pendiente | I12: 46180 | J12: 46187 | L12: 0 | M12: =IF(D12="","",IF(H12="Completado",0,I12-TODAY())) -> 13 | N12: =IF(D12="","",IF(H12="Completado","OK",IF(H12="Bloqueado","Bloqueado",IF(I12<TODAY(),"Vencido",IF(I12-TODAY()<=7,"Próximo","En fecha"))))) -> En fecha
A13: 9 | B13: Fase 2 - Modelo de negocio | C13: Matriz | D13: Crear matriz de servicios a priorizar/postergar | E13: Criterio para decidir qué vender ahora | F13: Gustavo | G13: Media | H13: Pendiente | I13: 46181 | J13: 46188 | L13: 0 | M13: =IF(D13="","",IF(H13="Completado",0,I13-TODAY())) -> 14 | N13: =IF(D13="","",IF(H13="Completado","OK",IF(H13="Bloqueado","Bloqueado",IF(I13<TODAY(),"Vencido",IF(I13-TODAY()<=7,"Próximo","En fecha"))))) -> En fecha
A14: 10 | B14: Fase 3 - Sistema comercial | C14: Proceso | D14: Crear protocolo de primer contacto | E14: Saber qué hacer cuando un cliente consulta | F14: Gustavo | G14: Alta | H14: Pendiente | I14: 46183 | J14: 46190 | L14: 0 | M14: =IF(D14="","",IF(H14="Completado",0,I14-TODAY())) -> 16 | N14: =IF(D14="","",IF(H14="Completado","OK",IF(H14="Bloqueado","Bloqueado",IF(I14<TODAY(),"Vencido",IF(I14-TODAY()<=7,"Próximo","En fecha"))))) -> En fecha
A15: 11 | B15: Fase 3 - Sistema comercial | C15: Plantilla | D15: Diseñar ficha de diagnóstico del cliente | E15: Capturar datos mínimos antes de presupuestar | F15: Gustavo | G15: Alta | H15: Pendiente | I15: 46184 | J15: 46192 | L15: 0 | M15: =IF(D15="","",IF(H15="Completado",0,I15-TODAY())) -> 17 | N15: =IF(D15="","",IF(H15="Completado","OK",IF(H15="Bloqueado","Bloqueado",IF(I15<TODAY(),"Vencido",IF(I15-TODAY()<=7,"Próximo","En fecha"))))) -> En fecha
A16: 12 | B16: Fase 3 - Sistema comercial | C16: Guion | D16: Armar guion de primera reunión comercial | E16: Reuniones más ordenadas y orientadas a diagnóstico | F16: Gustavo | G16: Alta | H16: Pendiente | I16: 46185 | J16: 46193 | L16: 0 | M16: =IF(D16="","",IF(H16="Completado",0,I16-TODAY())) -> 18 | N16: =IF(D16="","",IF(H16="Completado","OK",IF(H16="Bloqueado","Bloqueado",IF(I16<TODAY(),"Vencido",IF(I16-TODAY()<=7,"Próximo","En fecha"))))) -> En fecha
A17: 13 | B17: Fase 3 - Sistema comercial | C17: Plantilla | D17: Crear plantilla de propuesta comercial | E17: Propuestas claras, comparables y profesionales | F17: Gustavo | G17: Alta | H17: Pendiente | I17: 46186 | J17: 46196 | L17: 0 | M17: =IF(D17="","",IF(H17="Completado",0,I17-TODAY())) -> 19 | N17: =IF(D17="","",IF(H17="Completado","OK",IF(H17="Bloqueado","Bloqueado",IF(I17<TODAY(),"Vencido",IF(I17-TODAY()<=7,"Próximo","En fecha"))))) -> En fecha
... A24: 20 | B24: Fase 5 - Gestión interna | C24: Documento | D24: Definir roles Lucas / Gustavo | E24: Responsabilidades y decisiones claras | F24: Lucas + Gustavo | G24: Alta | H24: Pendiente | I24: 46171 | J24: 46176 | L24: 0 | M24: =IF(D24="","",IF(H24="Completado",0,I24-TODAY())) -> 4 | N24: =IF(D24="","",IF(H24="Completado","OK",IF(H24="Bloqueado","Bloqueado",IF(I24<TODAY(),"Vencido",IF(I24-TODAY()<=7,"Próximo","En fecha"))))) -> Próximo
A25: 21 | B25: Fase 5 - Gestión interna | C25: Rutina | D25: Instalar reunión semanal de gestión | E25: Seguimiento constante de prioridades | F25: Gustavo | G25: Alta | H25: Pendiente | I25: 46169 | J25: 46173 | L25: 0 | M25: =IF(D25="","",IF(H25="Completado",0,I25-TODAY())) -> 2 | N25: =IF(D25="","",IF(H25="Completado","OK",IF(H25="Bloqueado","Bloqueado",IF(I25<TODAY(),"Vencido",IF(I25-TODAY()<=7,"Próximo","En fecha"))))) -> Próximo | O25: Frecuencia sugerida: 1 vez por semana
A26: 22 | B26: Fase 5 - Gestión interna | C26: Registro | D26: Crear registro de decisiones | E26: Que las decisiones no queden en WhatsApp o memoria | F26: Gustavo | G26: Media | H26: Pendiente | I26: 46173 | J26: 46178 | L26: 0 | M26: =IF(D26="","",IF(H26="Completado",0,I26-TODAY())) -> 6 | N26: =IF(D26="","",IF(H26="Completado","OK",IF(H26="Bloqueado","Bloqueado",IF(I26<TODAY(),"Vencido",IF(I26-TODAY()<=7,"Próximo","En fecha"))))) -> Próximo
A27: 23 | B27: Fase 5 - Gestión interna | C27: Indicadores | D27: Definir indicadores mínimos de gestión | E27: Medir avance, ventas, proyectos y calidad | F27: Gustavo | G27: Media | H27: Pendiente | I27: 46178 | J27: 46186 | L27: 0 | M27: =IF(D27="","",IF(H27="Completado",0,I27-TODAY())) -> 11 | N27: =IF(D27="","",IF(H27="Completado","OK",IF(H27="Bloqueado","Bloqueado",IF(I27<TODAY(),"Vencido",IF(I27-TODAY()<=7,"Próximo","En fecha"))))) -> En fecha
A28: 24 | B28: Fase 6 - Plan 30/60/90 | C28: Plan | D28: Armar plan de acción a 30 días | E28: Acciones urgentes y responsables claros | F28: Gustavo | G28: Alta | H28: Pendiente | I28: 46173 | J28: 46180 | L28: 0 | M28: =IF(D28="","",IF(H28="Completado",0,I28-TODAY())) -> 6 | N28: =IF(D28="","",IF(H28="Completado","OK",IF(H28="Bloqueado","Bloqueado",IF(I28<TODAY(),"Vencido",IF(I28-TODAY()<=7,"Próximo","En fecha"))))) -> Próximo
A29: 25 | B29: Fase 6 - Plan 30/60/90 | C29: Plan | D29: Armar plan de acción a 60 días | E29: Consolidar modelo comercial y operativo | F29: Gustavo | G29: Media | H29: Pendiente | I29: 46183 | J29: 46198 | L29: 0 | M29: =IF(D29="","",IF(H29="Completado",0,I29-TODAY())) -> 16 | N29: =IF(D29="","",IF(H29="Completado","OK",IF(H29="Bloqueado","Bloqueado",IF(I29<TODAY(),"Vencido",IF(I29-TODAY()<=7,"Próximo","En fecha"))))) -> En fecha
A30: 26 | B30: Fase 6 - Plan 30/60/90 | C30: Plan | D30: Armar plan de acción a 90 días | E30: Sistema inicial de empresa funcionando | F30: Lucas + Gustavo | G30: Media | H30: Pendiente | I30: 46198 | J30: 46228 | L30: 0 | M30: =IF(D30="","",IF(H30="Completado",0,I30-TODAY())) -> 31 | N30: =IF(D30="","",IF(H30="Completado","OK",IF(H30="Bloqueado","Bloqueado",IF(I30<TODAY(),"Vencido",IF(I30-TODAY()<=7,"Próximo","En fecha"))))) -> En fecha
A31: 27 | B31: Fase 6 - Plan 30/60/90 | C31: Manual | D31: Consolidar manual operativo v1.0 | E31: Primer manual práctico de Grow Labs | F31: Gustavo | G31: Media | H31: Pendiente | I31: 46213 | J31: 46243 | L31: 0 | M31: =IF(D31="","",IF(H31="Completado",0,I31-TODAY())) -> 46 | N31: =IF(D31="","",IF(H31="Completado","OK",IF(H31="Bloqueado","Bloqueado",IF(I31<TODAY(),"Vencido",IF(I31-TODAY()<=7,"Próximo","En fecha"))))) -> En fecha
A32: 28 | M32: =IF(D32="","",IF(H32="Completado",0,I32-TODAY())) | N32: =IF(D32="","",IF(H32="Completado","OK",IF(H32="Bloqueado","Bloqueado",IF(I32<TODAY(),"Vencido",IF(I32-TODAY()<=7,"Próximo","En fecha")))))
A33: 29 | M33: =IF(D33="","",IF(H33="Completado",0,I33-TODAY())) | N33: =IF(D33="","",IF(H33="Completado","OK",IF(H33="Bloqueado","Bloqueado",IF(I33<TODAY(),"Vencido",IF(I33-TODAY()<=7,"Próximo","En fecha")))))
A34: 30 | M34: =IF(D34="","",IF(H34="Completado",0,I34-TODAY())) | N34: =IF(D34="","",IF(H34="Completado","OK",IF(H34="Bloqueado","Bloqueado",IF(I34<TODAY(),"Vencido",IF(I34-TODAY()<=7,"Próximo","En fecha")))))
A35: 31 | M35: =IF(D35="","",IF(H35="Completado",0,I35-TODAY())) | N35: =IF(D35="","",IF(H35="Completado","OK",IF(H35="Bloqueado","Bloqueado",IF(I35<TODAY(),"Vencido",IF(I35-TODAY()<=7,"Próximo","En fecha")))))
A36: 32 | M36: =IF(D36="","",IF(H36="Completado",0,I36-TODAY())) | N36: =IF(D36="","",IF(H36="Completado","OK",IF(H36="Bloqueado","Bloqueado",IF(I36<TODAY(),"Vencido",IF(I36-TODAY()<=7,"Próximo","En fecha")))))
A37: 33 | M37: =IF(D37="","",IF(H37="Completado",0,I37-TODAY())) | N37: =IF(D37="","",IF(H37="Completado","OK",IF(H37="Bloqueado","Bloqueado",IF(I37<TODAY(),"Vencido",IF(I37-TODAY()<=7,"Próximo","En fecha")))))
A38: 34 | M38: =IF(D38="","",IF(H38="Completado",0,I38-TODAY())) | N38: =IF(D38="","",IF(H38="Completado","OK",IF(H38="Bloqueado","Bloqueado",IF(I38<TODAY(),"Vencido",IF(I38-TODAY()<=7,"Próximo","En fecha")))))
A39: 35 | M39: =IF(D39="","",IF(H39="Completado",0,I39-TODAY())) | N39: =IF(D39="","",IF(H39="Completado","OK",IF(H39="Bloqueado","Bloqueado",IF(I39<TODAY(),"Vencido",IF(I39-TODAY()<=7,"Próximo","En fecha")))))
A40: 36 | M40: =IF(D40="","",IF(H40="Completado",0,I40-TODAY())) | N40: =IF(D40="","",IF(H40="Completado","OK",IF(H40="Bloqueado","Bloqueado",IF(I40<TODAY(),"Vencido",IF(I40-TODAY()<=7,"Próximo","En fecha")))))
A41: 37 | M41: =IF(D41="","",IF(H41="Completado",0,I41-TODAY())) | N41: =IF(D41="","",IF(H41="Completado","OK",IF(H41="Bloqueado","Bloqueado",IF(I41<TODAY(),"Vencido",IF(I41-TODAY()<=7,"Próximo","En fecha")))))
A42: 38 | M42: =IF(D42="","",IF(H42="Completado",0,I42-TODAY())) | N42: =IF(D42="","",IF(H42="Completado","OK",IF(H42="Bloqueado","Bloqueado",IF(I42<TODAY(),"Vencido",IF(I42-TODAY()<=7,"Próximo","En fecha")))))
A43: 39 | M43: =IF(D43="","",IF(H43="Completado",0,I43-TODAY())) | N43: =IF(D43="","",IF(H43="Completado","OK",IF(H43="Bloqueado","Bloqueado",IF(I43<TODAY(),"Vencido",IF(I43-TODAY()<=7,"Próximo","En fecha")))))
... A104: 100 | M104: =IF(D104="","",IF(H104="Completado",0,I104-TODAY())) | N104: =IF(D104="","",IF(H104="Completado","OK",IF(H104="Bloqueado","Bloqueado",IF(I104<TODAY(),"Vencido",IF(I104-TODAY()<=7,"Próximo","En fecha")))))

Sheet Registro_Reuniones
A1: REGISTRO DE REUNIONES Y DECISIONES | GROW LABS
A3: Fecha | B3: Tipo | C3: Tema | D3: Decisión / Acuerdo | E3: Responsable | F3: Próximo paso | G3: Fecha compromiso | H3: Estado | I3: Observaciones
B4: Semanal | C4: Reunión de gestión | E4: Gustavo | H4: Pendiente
B5: Estratégica | C5: Bases de Grow Labs | E5: Lucas + Gustavo | H5: Pendiente

Sheet Guia_Uso
A1: GUÍA RÁPIDA DE USO | MATRIZ DE CONTROL GROW LABS
A3: Objetivo de la planilla
A4: Controlar el orden inicial de Grow Labs: estrategia, modelo de negocio, sistema comercial, sistema operativo, gestión interna y plan 30/60/90 días. La matriz permite transformar conversaciones en tareas, decisiones y entregables medibles.
A7: Cómo llenarla semana a semana
A8: 1 | B8: Ir a Matriz_Control. | C8: Completar o actualizar las tareas y decisiones activas.
A9: 2 | B9: Elegir Fase, Responsable, Prioridad y Estado. | C9: Usar las listas desplegables para mantener el orden.
A10: 3 | B10: Colocar Fecha objetivo. | C10: La planilla calcula días restantes y semáforo automáticamente.
A11: 4 | B11: Actualizar % avance. | C11: Usar 0%, 25%, 50%, 75% o 100% según avance real.
A12: 5 | B12: Revisar Dashboard. | C12: Controlar avance general, vencidas, bloqueadas y próximos 7 días.
A13: 6 | B13: Registrar decisiones. | C13: Usar Registro_Reuniones para no depender de WhatsApp o memoria.
A16: Regla de gestión
A17: Cada reunión con Lucas debe terminar con tres cosas: una decisión escrita, una tarea con responsable o un proceso que se pueda repetir. Si no queda cargado en la matriz, no existe como compromiso de gestión.

Sheet Listas
A1: Fases | B1: Estados | C1: Prioridades | D1: Responsables | E1: Si/No
A2: Fase 1 - Orden estratégico | B2: Pendiente | C2: Alta | D2: Gustavo | E2: Sí
A3: Fase 2 - Modelo de negocio | B3: En análisis | C3: Media | D3: Lucas | E3: No
A4: Fase 3 - Sistema comercial | B4: En curso | C4: Baja | D4: Lucas + Gustavo
A5: Fase 4 - Sistema operativo | B5: En revisión | D5: Equipo
A6: Fase 5 - Gestión interna | B6: Completado | D6: Cliente
A7: Fase 6 - Plan 30/60/90 | B7: Bloqueado
B8: Postergado
B9: Cancelado
